"id","comment","type","direction","from_account_id","from_civ_name","from_account_name","to_account_id","to_civ_name","to_account_name","amount","date","tax_percentage","tax_type","tax_id"
"c6f69980-1330-499a-ae44-f1e93ea8a01a","Business Charge: [2x] Customer [1x] Self Repair (Jay Runner - 14350)","purchase","in","61139120","Jay Runner","Personal Account","64952453","Mary Domino-Mushkin","Kintsugi Motorworks","5400","Mon Oct 27 2025 03:13:00 GMT+0000 (Coordinated Universal Time)","12","No Tax","1"
"c6f69980-1330-499a-ae44-f1e93ea8a01a","Business Charge: [2x] Customer [1x] Self Repair (Jay Runner - 14350)","purchase","in","61139120","Jay Runner","Personal Account","64952453","Joaquin Jimenes","Kintsugi Motorworks","5400","Mon Oct 27 2025 03:13:00 GMT+0000 (Coordinated Universal Time)","12","No Tax","1"
"c6f69980-1330-499a-ae44-f1e93ea8a01a","Business Charge: [2x] Customer [1x] Self Repair (Jay Runner - 14350)","purchase","in","61139120","Jay Runner","Personal Account","64952453","Melissa Murmurs","Kintsugi Motorworks","5400","Mon Oct 27 2025 03:13:00 GMT+0000 (Coordinated Universal Time)","12","No Tax","1"
"c6f69980-1330-499a-ae44-f1e93ea8a01a","Business Charge: [2x] Customer [1x] Self Repair (Jay Runner - 14350)","purchase","in","61139120","Jay Runner","Personal Account","64952453","Kassandra Kage","Kintsugi Motorworks","5400","Mon Oct 27 2025 03:13:00 GMT+0000 (Coordinated Universal Time)","12","No Tax","1"
"c6f69980-1330-499a-ae44-f1e93ea8a01a","Business Charge: [2x] Customer [1x] Self Repair (Jay Runner - 14350)","purchase","in","61139120","Jay Runner","Personal Account","64952453","Lloyd Grotti","Kintsugi Motorworks","5400","Mon Oct 27 2025 03:13:00 GMT+0000 (Coordinated Universal Time)","12","No Tax","1"
"9ae1a3d4-0ea3-4a61-a456-859f726283c4","Business Charge: 1x Repair (Jay Runner - 14350)","purchase","in","61139120","Jay Runner","Personal Account","64952453","Mary Domino-Mushkin","Kintsugi Motorworks","1800","Mon Oct 27 2025 04:24:02 GMT+0000 (Coordinated Universal Time)","20","No Tax","1"
"9ae1a3d4-0ea3-4a61-a456-859f726283c4","Business Charge: 1x Repair (Jay Runner - 14350)","purchase","in","61139120","Jay Runner","Personal Account","64952453","Joaquin Jimenes","Kintsugi Motorworks","1800","Mon Oct 27 2025 04:24:02 GMT+0000 (Coordinated Universal Time)","20","No Tax","1"
"9ae1a3d4-0ea3-4a61-a456-859f726283c4","Business Charge: 1x Repair (Jay Runner - 14350)","purchase","in","61139120","Jay Runner","Personal Account","64952453","Melissa Murmurs","Kintsugi Motorworks","1800","Mon Oct 27 2025 04:24:02 GMT+0000 (Coordinated Universal Time)","20","No Tax","1"
"9ae1a3d4-0ea3-4a61-a456-859f726283c4","Business Charge: 1x Repair (Jay Runner - 14350)","purchase","in","61139120","Jay Runner","Personal Account","64952453","Kassandra Kage","Kintsugi Motorworks","1800","Mon Oct 27 2025 04:24:02 GMT+0000 (Coordinated Universal Time)","20","No Tax","1"
"9ae1a3d4-0ea3-4a61-a456-859f726283c4","Business Charge: 1x Repair (Jay Runner - 14350)","purchase","in","61139120","Jay Runner","Personal Account","64952453","Lloyd Grotti","Kintsugi Motorworks","1800","Mon Oct 27 2025 04:24:02 GMT+0000 (Coordinated Universal Time)","20","No Tax","1"
"53ffda87-5c02-44c4-a9a5-291f7c62a8f2","Business Charge: 1 across - JR (Jay Runner - 14350)","purchase","in","61139120","Jay Runner","Personal Account","64952453","Mary Domino-Mushkin","Kintsugi Motorworks","1800","Wed Oct 29 2025 16:02:27 GMT+0000 (Coordinated Universal Time)","12","No Tax","1"
"53ffda87-5c02-44c4-a9a5-291f7c62a8f2","Business Charge: 1 across - JR (Jay Runner - 14350)","purchase","in","61139120","Jay Runner","Personal Account","64952453","Joaquin Jimenes","Kintsugi Motorworks","1800","Wed Oct 29 2025 16:02:27 GMT+0000 (Coordinated Universal Time)","12","No Tax","1"
"53ffda87-5c02-44c4-a9a5-291f7c62a8f2","Business Charge: 1 across - JR (Jay Runner - 14350)","purchase","in","61139120","Jay Runner","Personal Account","64952453","Melissa Murmurs","Kintsugi Motorworks","1800","Wed Oct 29 2025 16:02:27 GMT+0000 (Coordinated Universal Time)","12","No Tax","1"
"53ffda87-5c02-44c4-a9a5-291f7c62a8f2","Business Charge: 1 across - JR (Jay Runner - 14350)","purchase","in","61139120","Jay Runner","Personal Account","64952453","Kassandra Kage","Kintsugi Motorworks","1800","Wed Oct 29 2025 16:02:27 GMT+0000 (Coordinated Universal Time)","12","No Tax","1"
"53ffda87-5c02-44c4-a9a5-291f7c62a8f2","Business Charge: 1 across - JR (Jay Runner - 14350)","purchase","in","61139120","Jay Runner","Personal Account","64952453","Lloyd Grotti","Kintsugi Motorworks","1800","Wed Oct 29 2025 16:02:27 GMT+0000 (Coordinated Universal Time)","12","No Tax","1"
"b666640e-9337-4dab-b8e0-78fb7050f012","Business Charge: 2 across (Lloyd Grotti - 18725)","purchase","in","61718607","Lloyd Grotti","Personal Account","64952453","Mary Domino-Mushkin","Kintsugi Motorworks","3000","Wed Oct 29 2025 23:24:02 GMT+0000 (Coordinated Universal Time)","12","No Tax","1"
"b666640e-9337-4dab-b8e0-78fb7050f012","Business Charge: 2 across (Lloyd Grotti - 18725)","purchase","in","61718607","Lloyd Grotti","Personal Account","64952453","Joaquin Jimenes","Kintsugi Motorworks","3000","Wed Oct 29 2025 23:24:02 GMT+0000 (Coordinated Universal Time)","12","No Tax","1"
"b666640e-9337-4dab-b8e0-78fb7050f012","Business Charge: 2 across (Lloyd Grotti - 18725)","purchase","in","61718607","Lloyd Grotti","Personal Account","64952453","Melissa Murmurs","Kintsugi Motorworks","3000","Wed Oct 29 2025 23:24:02 GMT+0000 (Coordinated Universal Time)","12","No Tax","1"
"b666640e-9337-4dab-b8e0-78fb7050f012","Business Charge: 2 across (Lloyd Grotti - 18725)","purchase","in","61718607","Lloyd Grotti","Personal Account","64952453","Kassandra Kage","Kintsugi Motorworks","3000","Wed Oct 29 2025 23:24:02 GMT+0000 (Coordinated Universal Time)","12","No Tax","1"
"b666640e-9337-4dab-b8e0-78fb7050f012","Business Charge: 2 across (Lloyd Grotti - 18725)","purchase","in","61718607","Lloyd Grotti","Personal Account","64952453","Lloyd Grotti","Kintsugi Motorworks","3000","Wed Oct 29 2025 23:24:02 GMT+0000 (Coordinated Universal Time)","12","No Tax","1"
"e566acbc-569a-45cf-8ca6-6a68e221a027","Business Charge: Bank info (Joaquin Jimenes - 1094)","purchase","in","61243998","Joaquin Jimenes","Personal Account","64952453","Mary Domino-Mushkin","Kintsugi Motorworks","1","Fri Oct 31 2025 12:41:47 GMT+0000 (Coordinated Universal Time)","12","No Tax","1"
"e566acbc-569a-45cf-8ca6-6a68e221a027","Business Charge: Bank info (Joaquin Jimenes - 1094)","purchase","in","61243998","Joaquin Jimenes","Personal Account","64952453","Joaquin Jimenes","Kintsugi Motorworks","1","Fri Oct 31 2025 12:41:47 GMT+0000 (Coordinated Universal Time)","12","No Tax","1"
"e566acbc-569a-45cf-8ca6-6a68e221a027","Business Charge: Bank info (Joaquin Jimenes - 1094)","purchase","in","61243998","Joaquin Jimenes","Personal Account","64952453","Melissa Murmurs","Kintsugi Motorworks","1","Fri Oct 31 2025 12:41:47 GMT+0000 (Coordinated Universal Time)","12","No Tax","1"
"e566acbc-569a-45cf-8ca6-6a68e221a027","Business Charge: Bank info (Joaquin Jimenes - 1094)","purchase","in","61243998","Joaquin Jimenes","Personal Account","64952453","Kassandra Kage","Kintsugi Motorworks","1","Fri Oct 31 2025 12:41:47 GMT+0000 (Coordinated Universal Time)","12","No Tax","1"
"e566acbc-569a-45cf-8ca6-6a68e221a027","Business Charge: Bank info (Joaquin Jimenes - 1094)","purchase","in","61243998","Joaquin Jimenes","Personal Account","64952453","Lloyd Grotti","Kintsugi Motorworks","1","Fri Oct 31 2025 12:41:47 GMT+0000 (Coordinated Universal Time)","12","No Tax","1"
"5e0a049c-56d3-4795-8368-1277737741d8","Business Payment: Payment (Joaquin Jimenes - 1094)
Type: Tax","purchase","out","64952453","Joaquin Jimenes","Kintsugi Motorworks","10","null","null","600","Fri Oct 31 2025 12:43:32 GMT+0000 (Coordinated Universal Time)","12","No Tax","1"
"5e0a049c-56d3-4795-8368-1277737741d8","Business Payment: Payment (Joaquin Jimenes - 1094)
Type: Tax","purchase","out","64952453","Joaquin Jimenes","Kintsugi Motorworks","10","null","null","600","Fri Oct 31 2025 12:43:32 GMT+0000 (Coordinated Universal Time)","12","No Tax","1"
"5e0a049c-56d3-4795-8368-1277737741d8","Business Payment: Payment (Joaquin Jimenes - 1094)
Type: Tax","purchase","out","64952453","Joaquin Jimenes","Kintsugi Motorworks","10","null","null","600","Fri Oct 31 2025 12:43:32 GMT+0000 (Coordinated Universal Time)","12","No Tax","1"
"5e0a049c-56d3-4795-8368-1277737741d8","Business Payment: Payment (Joaquin Jimenes - 1094)
Type: Tax","purchase","out","64952453","Joaquin Jimenes","Kintsugi Motorworks","10","null","null","600","Fri Oct 31 2025 12:43:32 GMT+0000 (Coordinated Universal Time)","12","No Tax","1"
"5e0a049c-56d3-4795-8368-1277737741d8","Business Payment: Payment (Joaquin Jimenes - 1094)
Type: Tax","purchase","out","64952453","Joaquin Jimenes","Kintsugi Motorworks","10","null","null","600","Fri Oct 31 2025 12:43:32 GMT+0000 (Coordinated Universal Time)","12","No Tax","1"
"419e4a60-e298-461f-954f-06c94f23902e","Business Payment: Payment (Joaquin Jimenes - 1094)","purchase","out","64952453","Joaquin Jimenes","Kintsugi Motorworks","61243998","Joaquin Jimenes","Personal Account","5000","Fri Oct 31 2025 12:43:32 GMT+0000 (Coordinated Universal Time)","12","No Tax","1"
"419e4a60-e298-461f-954f-06c94f23902e","Business Payment: Payment (Joaquin Jimenes - 1094)","purchase","out","64952453","Joaquin Jimenes","Kintsugi Motorworks","61243998","Joaquin Jimenes","Personal Account","5000","Fri Oct 31 2025 12:43:32 GMT+0000 (Coordinated Universal Time)","12","No Tax","1"
"419e4a60-e298-461f-954f-06c94f23902e","Business Payment: Payment (Joaquin Jimenes - 1094)","purchase","out","64952453","Joaquin Jimenes","Kintsugi Motorworks","61243998","Joaquin Jimenes","Personal Account","5000","Fri Oct 31 2025 12:43:32 GMT+0000 (Coordinated Universal Time)","12","No Tax","1"
"419e4a60-e298-461f-954f-06c94f23902e","Business Payment: Payment (Joaquin Jimenes - 1094)","purchase","out","64952453","Joaquin Jimenes","Kintsugi Motorworks","61243998","Joaquin Jimenes","Personal Account","5000","Fri Oct 31 2025 12:43:32 GMT+0000 (Coordinated Universal Time)","12","No Tax","1"
"419e4a60-e298-461f-954f-06c94f23902e","Business Payment: Payment (Joaquin Jimenes - 1094)","purchase","out","64952453","Joaquin Jimenes","Kintsugi Motorworks","61243998","Joaquin Jimenes","Personal Account","5000","Fri Oct 31 2025 12:43:32 GMT+0000 (Coordinated Universal Time)","12","No Tax","1"
"05f8dd8c-7fd2-4ecb-8984-81e6c0105436","Business Charge: 2 across (Lloyd Grotti - 18725)","purchase","in","61718607","Lloyd Grotti","Personal Account","64952453","Mary Domino-Mushkin","Kintsugi Motorworks","3000","Sat Nov 01 2025 17:58:43 GMT+0000 (Coordinated Universal Time)","12","No Tax","1"
"05f8dd8c-7fd2-4ecb-8984-81e6c0105436","Business Charge: 2 across (Lloyd Grotti - 18725)","purchase","in","61718607","Lloyd Grotti","Personal Account","64952453","Joaquin Jimenes","Kintsugi Motorworks","3000","Sat Nov 01 2025 17:58:43 GMT+0000 (Coordinated Universal Time)","12","No Tax","1"
"05f8dd8c-7fd2-4ecb-8984-81e6c0105436","Business Charge: 2 across (Lloyd Grotti - 18725)","purchase","in","61718607","Lloyd Grotti","Personal Account","64952453","Melissa Murmurs","Kintsugi Motorworks","3000","Sat Nov 01 2025 17:58:43 GMT+0000 (Coordinated Universal Time)","12","No Tax","1"
"05f8dd8c-7fd2-4ecb-8984-81e6c0105436","Business Charge: 2 across (Lloyd Grotti - 18725)","purchase","in","61718607","Lloyd Grotti","Personal Account","64952453","Kassandra Kage","Kintsugi Motorworks","3000","Sat Nov 01 2025 17:58:43 GMT+0000 (Coordinated Universal Time)","12","No Tax","1"
"05f8dd8c-7fd2-4ecb-8984-81e6c0105436","Business Charge: 2 across (Lloyd Grotti - 18725)","purchase","in","61718607","Lloyd Grotti","Personal Account","64952453","Lloyd Grotti","Kintsugi Motorworks","3000","Sat Nov 01 2025 17:58:43 GMT+0000 (Coordinated Universal Time)","12","No Tax","1"
"010dcfe6-3830-4db3-b3df-5aa8fd380532","on 11/1/2025 an amount of $5,000,000 will be sent to Kintsugi Motors for repair services, and car part/engine repairs.","transfer","in","10","Charles Danger","null","64952453","Mary Domino-Mushkin","Kintsugi Motorworks","5000000","Sat Nov 01 2025 19:52:58 GMT+0000 (Coordinated Universal Time)","0","No Tax","1"
"010dcfe6-3830-4db3-b3df-5aa8fd380532","on 11/1/2025 an amount of $5,000,000 will be sent to Kintsugi Motors for repair services, and car part/engine repairs.","transfer","in","10","Charles Danger","null","64952453","Joaquin Jimenes","Kintsugi Motorworks","5000000","Sat Nov 01 2025 19:52:58 GMT+0000 (Coordinated Universal Time)","0","No Tax","1"
"010dcfe6-3830-4db3-b3df-5aa8fd380532","on 11/1/2025 an amount of $5,000,000 will be sent to Kintsugi Motors for repair services, and car part/engine repairs.","transfer","in","10","Charles Danger","null","64952453","Melissa Murmurs","Kintsugi Motorworks","5000000","Sat Nov 01 2025 19:52:58 GMT+0000 (Coordinated Universal Time)","0","No Tax","1"
"010dcfe6-3830-4db3-b3df-5aa8fd380532","on 11/1/2025 an amount of $5,000,000 will be sent to Kintsugi Motors for repair services, and car part/engine repairs.","transfer","in","10","Charles Danger","null","64952453","Kassandra Kage","Kintsugi Motorworks","5000000","Sat Nov 01 2025 19:52:58 GMT+0000 (Coordinated Universal Time)","0","No Tax","1"
"010dcfe6-3830-4db3-b3df-5aa8fd380532","on 11/1/2025 an amount of $5,000,000 will be sent to Kintsugi Motors for repair services, and car part/engine repairs.","transfer","in","10","Charles Danger","null","64952453","Lloyd Grotti","Kintsugi Motorworks","5000000","Sat Nov 01 2025 19:52:58 GMT+0000 (Coordinated Universal Time)","0","No Tax","1"
"a666e53b-3420-4e7a-8343-798fa0ca22f9","Business Payment: BET purchase refund (Joaquin Jimenes - 1094)
Type: Tax","purchase","out","64952453","Joaquin Jimenes","Kintsugi Motorworks","10","null","null","48000","Sat Nov 01 2025 19:58:18 GMT+0000 (Coordinated Universal Time)","12","No Tax","1"
"a666e53b-3420-4e7a-8343-798fa0ca22f9","Business Payment: BET purchase refund (Joaquin Jimenes - 1094)
Type: Tax","purchase","out","64952453","Joaquin Jimenes","Kintsugi Motorworks","10","null","null","48000","Sat Nov 01 2025 19:58:18 GMT+0000 (Coordinated Universal Time)","12","No Tax","1"
"a666e53b-3420-4e7a-8343-798fa0ca22f9","Business Payment: BET purchase refund (Joaquin Jimenes - 1094)
Type: Tax","purchase","out","64952453","Joaquin Jimenes","Kintsugi Motorworks","10","null","null","48000","Sat Nov 01 2025 19:58:18 GMT+0000 (Coordinated Universal Time)","12","No Tax","1"
"a666e53b-3420-4e7a-8343-798fa0ca22f9","Business Payment: BET purchase refund (Joaquin Jimenes - 1094)
Type: Tax","purchase","out","64952453","Joaquin Jimenes","Kintsugi Motorworks","10","null","null","48000","Sat Nov 01 2025 19:58:18 GMT+0000 (Coordinated Universal Time)","12","No Tax","1"
"a666e53b-3420-4e7a-8343-798fa0ca22f9","Business Payment: BET purchase refund (Joaquin Jimenes - 1094)
Type: Tax","purchase","out","64952453","Joaquin Jimenes","Kintsugi Motorworks","10","null","null","48000","Sat Nov 01 2025 19:58:18 GMT+0000 (Coordinated Universal Time)","12","No Tax","1"
"49302a48-dbb9-485c-a1f3-bbf34358240c","Business Payment: BET purchase refund (Joaquin Jimenes - 1094)","purchase","out","64952453","Joaquin Jimenes","Kintsugi Motorworks","61243998","Joaquin Jimenes","Personal Account","400000","Sat Nov 01 2025 19:58:18 GMT+0000 (Coordinated Universal Time)","12","No Tax","1"
"49302a48-dbb9-485c-a1f3-bbf34358240c","Business Payment: BET purchase refund (Joaquin Jimenes - 1094)","purchase","out","64952453","Joaquin Jimenes","Kintsugi Motorworks","61243998","Joaquin Jimenes","Personal Account","400000","Sat Nov 01 2025 19:58:18 GMT+0000 (Coordinated Universal Time)","12","No Tax","1"
"49302a48-dbb9-485c-a1f3-bbf34358240c","Business Payment: BET purchase refund (Joaquin Jimenes - 1094)","purchase","out","64952453","Joaquin Jimenes","Kintsugi Motorworks","61243998","Joaquin Jimenes","Personal Account","400000","Sat Nov 01 2025 19:58:18 GMT+0000 (Coordinated Universal Time)","12","No Tax","1"
"49302a48-dbb9-485c-a1f3-bbf34358240c","Business Payment: BET purchase refund (Joaquin Jimenes - 1094)","purchase","out","64952453","Joaquin Jimenes","Kintsugi Motorworks","61243998","Joaquin Jimenes","Personal Account","400000","Sat Nov 01 2025 19:58:18 GMT+0000 (Coordinated Universal Time)","12","No Tax","1"
"49302a48-dbb9-485c-a1f3-bbf34358240c","Business Payment: BET purchase refund (Joaquin Jimenes - 1094)","purchase","out","64952453","Joaquin Jimenes","Kintsugi Motorworks","61243998","Joaquin Jimenes","Personal Account","400000","Sat Nov 01 2025 19:58:18 GMT+0000 (Coordinated Universal Time)","12","No Tax","1"
"aa2ebc34-31be-49bf-bbbb-d96e37728be9","Business Payment: BET purchase (Joaquin Jimenes - 1094)
Type: Tax","purchase","out","64952453","Joaquin Jimenes","Kintsugi Motorworks","10","null","null","25200","Sat Nov 01 2025 20:02:50 GMT+0000 (Coordinated Universal Time)","12","No Tax","1"
"aa2ebc34-31be-49bf-bbbb-d96e37728be9","Business Payment: BET purchase (Joaquin Jimenes - 1094)
Type: Tax","purchase","out","64952453","Joaquin Jimenes","Kintsugi Motorworks","10","null","null","25200","Sat Nov 01 2025 20:02:50 GMT+0000 (Coordinated Universal Time)","12","No Tax","1"
"aa2ebc34-31be-49bf-bbbb-d96e37728be9","Business Payment: BET purchase (Joaquin Jimenes - 1094)
Type: Tax","purchase","out","64952453","Joaquin Jimenes","Kintsugi Motorworks","10","null","null","25200","Sat Nov 01 2025 20:02:50 GMT+0000 (Coordinated Universal Time)","12","No Tax","1"
"aa2ebc34-31be-49bf-bbbb-d96e37728be9","Business Payment: BET purchase (Joaquin Jimenes - 1094)
Type: Tax","purchase","out","64952453","Joaquin Jimenes","Kintsugi Motorworks","10","null","null","25200","Sat Nov 01 2025 20:02:50 GMT+0000 (Coordinated Universal Time)","12","No Tax","1"
"aa2ebc34-31be-49bf-bbbb-d96e37728be9","Business Payment: BET purchase (Joaquin Jimenes - 1094)
Type: Tax","purchase","out","64952453","Joaquin Jimenes","Kintsugi Motorworks","10","null","null","25200","Sat Nov 01 2025 20:02:50 GMT+0000 (Coordinated Universal Time)","12","No Tax","1"
"af9212b9-0ccf-4fbe-8589-9ba4ff9a8a1a","Business Payment: BET purchase (Joaquin Jimenes - 1094)","purchase","out","64952453","Joaquin Jimenes","Kintsugi Motorworks","61293682","Evie Winters","Personal Account","210000","Sat Nov 01 2025 20:02:50 GMT+0000 (Coordinated Universal Time)","12","No Tax","1"
"af9212b9-0ccf-4fbe-8589-9ba4ff9a8a1a","Business Payment: BET purchase (Joaquin Jimenes - 1094)","purchase","out","64952453","Joaquin Jimenes","Kintsugi Motorworks","61293682","Evie Winters","Personal Account","210000","Sat Nov 01 2025 20:02:50 GMT+0000 (Coordinated Universal Time)","12","No Tax","1"
"af9212b9-0ccf-4fbe-8589-9ba4ff9a8a1a","Business Payment: BET purchase (Joaquin Jimenes - 1094)","purchase","out","64952453","Joaquin Jimenes","Kintsugi Motorworks","61293682","Evie Winters","Personal Account","210000","Sat Nov 01 2025 20:02:50 GMT+0000 (Coordinated Universal Time)","12","No Tax","1"
"af9212b9-0ccf-4fbe-8589-9ba4ff9a8a1a","Business Payment: BET purchase (Joaquin Jimenes - 1094)","purchase","out","64952453","Joaquin Jimenes","Kintsugi Motorworks","61293682","Evie Winters","Personal Account","210000","Sat Nov 01 2025 20:02:50 GMT+0000 (Coordinated Universal Time)","12","No Tax","1"
"af9212b9-0ccf-4fbe-8589-9ba4ff9a8a1a","Business Payment: BET purchase (Joaquin Jimenes - 1094)","purchase","out","64952453","Joaquin Jimenes","Kintsugi Motorworks","61293682","Evie Winters","Personal Account","210000","Sat Nov 01 2025 20:02:50 GMT+0000 (Coordinated Universal Time)","12","No Tax","1"
"75c89cca-ee1e-48e8-9103-8ce40c82bd97","4500 BET purchase","transfer","out","64952453","Joaquin Jimenes","Kintsugi Motorworks","61154026","Dill E. Dough","Personal Account","1350000","Sat Nov 01 2025 20:42:24 GMT+0000 (Coordinated Universal Time)","0","No Tax","1"
"75c89cca-ee1e-48e8-9103-8ce40c82bd97","4500 BET purchase","transfer","out","64952453","Joaquin Jimenes","Kintsugi Motorworks","61154026","Dill E. Dough","Personal Account","1350000","Sat Nov 01 2025 20:42:24 GMT+0000 (Coordinated Universal Time)","0","No Tax","1"
"75c89cca-ee1e-48e8-9103-8ce40c82bd97","4500 BET purchase","transfer","out","64952453","Joaquin Jimenes","Kintsugi Motorworks","61154026","Dill E. Dough","Personal Account","1350000","Sat Nov 01 2025 20:42:24 GMT+0000 (Coordinated Universal Time)","0","No Tax","1"
"75c89cca-ee1e-48e8-9103-8ce40c82bd97","4500 BET purchase","transfer","out","64952453","Joaquin Jimenes","Kintsugi Motorworks","61154026","Dill E. Dough","Personal Account","1350000","Sat Nov 01 2025 20:42:24 GMT+0000 (Coordinated Universal Time)","0","No Tax","1"
"75c89cca-ee1e-48e8-9103-8ce40c82bd97","4500 BET purchase","transfer","out","64952453","Joaquin Jimenes","Kintsugi Motorworks","61154026","Dill E. Dough","Personal Account","1350000","Sat Nov 01 2025 20:42:24 GMT+0000 (Coordinated Universal Time)","0","No Tax","1"
"13ba130e-4be4-454d-b290-7cbd7dda3c2e","760 BET","transfer","out","64952453","Joaquin Jimenes","Kintsugi Motorworks","61305032","Antoine Du Sucre","Personal Account","209000","Sat Nov 01 2025 22:24:22 GMT+0000 (Coordinated Universal Time)","0","No Tax","1"
"13ba130e-4be4-454d-b290-7cbd7dda3c2e","760 BET","transfer","out","64952453","Joaquin Jimenes","Kintsugi Motorworks","61305032","Antoine Du Sucre","Personal Account","209000","Sat Nov 01 2025 22:24:22 GMT+0000 (Coordinated Universal Time)","0","No Tax","1"
"13ba130e-4be4-454d-b290-7cbd7dda3c2e","760 BET","transfer","out","64952453","Joaquin Jimenes","Kintsugi Motorworks","61305032","Antoine Du Sucre","Personal Account","209000","Sat Nov 01 2025 22:24:22 GMT+0000 (Coordinated Universal Time)","0","No Tax","1"
"13ba130e-4be4-454d-b290-7cbd7dda3c2e","760 BET","transfer","out","64952453","Joaquin Jimenes","Kintsugi Motorworks","61305032","Antoine Du Sucre","Personal Account","209000","Sat Nov 01 2025 22:24:22 GMT+0000 (Coordinated Universal Time)","0","No Tax","1"
"13ba130e-4be4-454d-b290-7cbd7dda3c2e","760 BET","transfer","out","64952453","Joaquin Jimenes","Kintsugi Motorworks","61305032","Antoine Du Sucre","Personal Account","209000","Sat Nov 01 2025 22:24:22 GMT+0000 (Coordinated Universal Time)","0","No Tax","1"
"c5238002-141b-46c4-8b64-f41ee6c5f341","3960 BET Purchased @300$ per","transfer","out","64952453","Joaquin Jimenes","Kintsugi Motorworks","61154026","Dill E. Dough","Personal Account","1188000","Mon Nov 03 2025 15:04:26 GMT+0000 (Coordinated Universal Time)","0","No Tax","1"
"c5238002-141b-46c4-8b64-f41ee6c5f341","3960 BET Purchased @300$ per","transfer","out","64952453","Joaquin Jimenes","Kintsugi Motorworks","61154026","Dill E. Dough","Personal Account","1188000","Mon Nov 03 2025 15:04:26 GMT+0000 (Coordinated Universal Time)","0","No Tax","1"
"c5238002-141b-46c4-8b64-f41ee6c5f341","3960 BET Purchased @300$ per","transfer","out","64952453","Joaquin Jimenes","Kintsugi Motorworks","61154026","Dill E. Dough","Personal Account","1188000","Mon Nov 03 2025 15:04:26 GMT+0000 (Coordinated Universal Time)","0","No Tax","1"
"c5238002-141b-46c4-8b64-f41ee6c5f341","3960 BET Purchased @300$ per","transfer","out","64952453","Joaquin Jimenes","Kintsugi Motorworks","61154026","Dill E. Dough","Personal Account","1188000","Mon Nov 03 2025 15:04:26 GMT+0000 (Coordinated Universal Time)","0","No Tax","1"
"c5238002-141b-46c4-8b64-f41ee6c5f341","3960 BET Purchased @300$ per","transfer","out","64952453","Joaquin Jimenes","Kintsugi Motorworks","61154026","Dill E. Dough","Personal Account","1188000","Mon Nov 03 2025 15:04:26 GMT+0000 (Coordinated Universal Time)","0","No Tax","1"
"12f7a784-426a-4dd6-81e1-06f1badd62b8","500 BET 300$ per","transfer","out","64952453","Joaquin Jimenes","Kintsugi Motorworks","61956734","Ivy Thorne","Personal Account","150000","Tue Nov 04 2025 18:21:04 GMT+0000 (Coordinated Universal Time)","0","No Tax","1"
"12f7a784-426a-4dd6-81e1-06f1badd62b8","500 BET 300$ per","transfer","out","64952453","Joaquin Jimenes","Kintsugi Motorworks","61956734","Ivy Thorne","Personal Account","150000","Tue Nov 04 2025 18:21:04 GMT+0000 (Coordinated Universal Time)","0","No Tax","1"
"12f7a784-426a-4dd6-81e1-06f1badd62b8","500 BET 300$ per","transfer","out","64952453","Joaquin Jimenes","Kintsugi Motorworks","61956734","Ivy Thorne","Personal Account","150000","Tue Nov 04 2025 18:21:04 GMT+0000 (Coordinated Universal Time)","0","No Tax","1"
"12f7a784-426a-4dd6-81e1-06f1badd62b8","500 BET 300$ per","transfer","out","64952453","Joaquin Jimenes","Kintsugi Motorworks","61956734","Ivy Thorne","Personal Account","150000","Tue Nov 04 2025 18:21:04 GMT+0000 (Coordinated Universal Time)","0","No Tax","1"
"12f7a784-426a-4dd6-81e1-06f1badd62b8","500 BET 300$ per","transfer","out","64952453","Joaquin Jimenes","Kintsugi Motorworks","61956734","Ivy Thorne","Personal Account","150000","Tue Nov 04 2025 18:21:04 GMT+0000 (Coordinated Universal Time)","0","No Tax","1"
"7d5319e9-f327-418b-9645-7deda9fc935a","Business Charge: 2x Across - JR (Jay Runner - 14350)","purchase","in","61139120","Jay Runner","Personal Account","64952453","Mary Domino-Mushkin","Kintsugi Motorworks","3600","Wed Nov 05 2025 00:05:16 GMT+0000 (Coordinated Universal Time)","20","No Tax","1"
"7d5319e9-f327-418b-9645-7deda9fc935a","Business Charge: 2x Across - JR (Jay Runner - 14350)","purchase","in","61139120","Jay Runner","Personal Account","64952453","Joaquin Jimenes","Kintsugi Motorworks","3600","Wed Nov 05 2025 00:05:16 GMT+0000 (Coordinated Universal Time)","20","No Tax","1"
"7d5319e9-f327-418b-9645-7deda9fc935a","Business Charge: 2x Across - JR (Jay Runner - 14350)","purchase","in","61139120","Jay Runner","Personal Account","64952453","Melissa Murmurs","Kintsugi Motorworks","3600","Wed Nov 05 2025 00:05:16 GMT+0000 (Coordinated Universal Time)","20","No Tax","1"
"7d5319e9-f327-418b-9645-7deda9fc935a","Business Charge: 2x Across - JR (Jay Runner - 14350)","purchase","in","61139120","Jay Runner","Personal Account","64952453","Kassandra Kage","Kintsugi Motorworks","3600","Wed Nov 05 2025 00:05:16 GMT+0000 (Coordinated Universal Time)","20","No Tax","1"
"7d5319e9-f327-418b-9645-7deda9fc935a","Business Charge: 2x Across - JR (Jay Runner - 14350)","purchase","in","61139120","Jay Runner","Personal Account","64952453","Lloyd Grotti","Kintsugi Motorworks","3600","Wed Nov 05 2025 00:05:16 GMT+0000 (Coordinated Universal Time)","20","No Tax","1"
"4cc4a8cc-6b75-4e6f-8afd-e197c9c08db2","Business Charge: 1 across car repair (Melissa Murmurs - 2365)","purchase","in","61276814","Melissa Murmurs","Personal Account","64952453","Mary Domino-Mushkin","Kintsugi Motorworks","1800","Wed Nov 05 2025 06:02:40 GMT+0000 (Coordinated Universal Time)","12","No Tax","1"
"4cc4a8cc-6b75-4e6f-8afd-e197c9c08db2","Business Charge: 1 across car repair (Melissa Murmurs - 2365)","purchase","in","61276814","Melissa Murmurs","Personal Account","64952453","Joaquin Jimenes","Kintsugi Motorworks","1800","Wed Nov 05 2025 06:02:40 GMT+0000 (Coordinated Universal Time)","12","No Tax","1"
"4cc4a8cc-6b75-4e6f-8afd-e197c9c08db2","Business Charge: 1 across car repair (Melissa Murmurs - 2365)","purchase","in","61276814","Melissa Murmurs","Personal Account","64952453","Melissa Murmurs","Kintsugi Motorworks","1800","Wed Nov 05 2025 06:02:40 GMT+0000 (Coordinated Universal Time)","12","No Tax","1"
"4cc4a8cc-6b75-4e6f-8afd-e197c9c08db2","Business Charge: 1 across car repair (Melissa Murmurs - 2365)","purchase","in","61276814","Melissa Murmurs","Personal Account","64952453","Kassandra Kage","Kintsugi Motorworks","1800","Wed Nov 05 2025 06:02:40 GMT+0000 (Coordinated Universal Time)","12","No Tax","1"
"4cc4a8cc-6b75-4e6f-8afd-e197c9c08db2","Business Charge: 1 across car repair (Melissa Murmurs - 2365)","purchase","in","61276814","Melissa Murmurs","Personal Account","64952453","Lloyd Grotti","Kintsugi Motorworks","1800","Wed Nov 05 2025 06:02:40 GMT+0000 (Coordinated Universal Time)","12","No Tax","1"
"e8b2ea0d-20b2-4155-a9d0-b2ea628879d8","1000 BET @300$ per","transfer","out","64952453","Joaquin Jimenes","Kintsugi Motorworks","61776653","Chas Diaz","Personal Account","300000","Wed Nov 05 2025 18:04:08 GMT+0000 (Coordinated Universal Time)","0","No Tax","1"
"e8b2ea0d-20b2-4155-a9d0-b2ea628879d8","1000 BET @300$ per","transfer","out","64952453","Joaquin Jimenes","Kintsugi Motorworks","61776653","Chas Diaz","Personal Account","300000","Wed Nov 05 2025 18:04:08 GMT+0000 (Coordinated Universal Time)","0","No Tax","1"
"e8b2ea0d-20b2-4155-a9d0-b2ea628879d8","1000 BET @300$ per","transfer","out","64952453","Joaquin Jimenes","Kintsugi Motorworks","61776653","Chas Diaz","Personal Account","300000","Wed Nov 05 2025 18:04:08 GMT+0000 (Coordinated Universal Time)","0","No Tax","1"
"e8b2ea0d-20b2-4155-a9d0-b2ea628879d8","1000 BET @300$ per","transfer","out","64952453","Joaquin Jimenes","Kintsugi Motorworks","61776653","Chas Diaz","Personal Account","300000","Wed Nov 05 2025 18:04:08 GMT+0000 (Coordinated Universal Time)","0","No Tax","1"
"e8b2ea0d-20b2-4155-a9d0-b2ea628879d8","1000 BET @300$ per","transfer","out","64952453","Joaquin Jimenes","Kintsugi Motorworks","61776653","Chas Diaz","Personal Account","300000","Wed Nov 05 2025 18:04:08 GMT+0000 (Coordinated Universal Time)","0","No Tax","1"
"098d763a-5c07-4bee-8139-fa1b01b104ad","1000 BET @ 300 Per","transfer","out","64952453","Joaquin Jimenes","Kintsugi Motorworks","61335156","Mariane Pilote","Personal Account","300000","Thu Nov 06 2025 19:53:12 GMT+0000 (Coordinated Universal Time)","0","No Tax","1"
"098d763a-5c07-4bee-8139-fa1b01b104ad","1000 BET @ 300 Per","transfer","out","64952453","Joaquin Jimenes","Kintsugi Motorworks","61335156","Mariane Pilote","Personal Account","300000","Thu Nov 06 2025 19:53:12 GMT+0000 (Coordinated Universal Time)","0","No Tax","1"
"098d763a-5c07-4bee-8139-fa1b01b104ad","1000 BET @ 300 Per","transfer","out","64952453","Joaquin Jimenes","Kintsugi Motorworks","61335156","Mariane Pilote","Personal Account","300000","Thu Nov 06 2025 19:53:12 GMT+0000 (Coordinated Universal Time)","0","No Tax","1"
"098d763a-5c07-4bee-8139-fa1b01b104ad","1000 BET @ 300 Per","transfer","out","64952453","Joaquin Jimenes","Kintsugi Motorworks","61335156","Mariane Pilote","Personal Account","300000","Thu Nov 06 2025 19:53:12 GMT+0000 (Coordinated Universal Time)","0","No Tax","1"
"098d763a-5c07-4bee-8139-fa1b01b104ad","1000 BET @ 300 Per","transfer","out","64952453","Joaquin Jimenes","Kintsugi Motorworks","61335156","Mariane Pilote","Personal Account","300000","Thu Nov 06 2025 19:53:12 GMT+0000 (Coordinated Universal Time)","0","No Tax","1"
"b0b85c42-35f1-4d6d-8e7b-17d4deec5777","275 BET @ 300$ per","transfer","out","64952453","Joaquin Jimenes","Kintsugi Motorworks","61594827","Reece Harper","Personal Account","82500","Fri Nov 07 2025 13:42:40 GMT+0000 (Coordinated Universal Time)","0","No Tax","1"
"b0b85c42-35f1-4d6d-8e7b-17d4deec5777","275 BET @ 300$ per","transfer","out","64952453","Joaquin Jimenes","Kintsugi Motorworks","61594827","Reece Harper","Personal Account","82500","Fri Nov 07 2025 13:42:40 GMT+0000 (Coordinated Universal Time)","0","No Tax","1"
"b0b85c42-35f1-4d6d-8e7b-17d4deec5777","275 BET @ 300$ per","transfer","out","64952453","Joaquin Jimenes","Kintsugi Motorworks","61594827","Reece Harper","Personal Account","82500","Fri Nov 07 2025 13:42:40 GMT+0000 (Coordinated Universal Time)","0","No Tax","1"
"b0b85c42-35f1-4d6d-8e7b-17d4deec5777","275 BET @ 300$ per","transfer","out","64952453","Joaquin Jimenes","Kintsugi Motorworks","61594827","Reece Harper","Personal Account","82500","Fri Nov 07 2025 13:42:40 GMT+0000 (Coordinated Universal Time)","0","No Tax","1"
"b0b85c42-35f1-4d6d-8e7b-17d4deec5777","275 BET @ 300$ per","transfer","out","64952453","Joaquin Jimenes","Kintsugi Motorworks","61594827","Reece Harper","Personal Account","82500","Fri Nov 07 2025 13:42:40 GMT+0000 (Coordinated Universal Time)","0","No Tax","1"
"af9d8351-89dc-423f-88cb-fc4b8f59f56f","Business Charge: 1x across -JR (Jay Runner - 14350)","purchase","in","61139120","Jay Runner","Personal Account","64952453","Mary Domino-Mushkin","Kintsugi Motorworks","1800","Fri Nov 07 2025 21:14:06 GMT+0000 (Coordinated Universal Time)","12","No Tax","1"
"af9d8351-89dc-423f-88cb-fc4b8f59f56f","Business Charge: 1x across -JR (Jay Runner - 14350)","purchase","in","61139120","Jay Runner","Personal Account","64952453","Joaquin Jimenes","Kintsugi Motorworks","1800","Fri Nov 07 2025 21:14:06 GMT+0000 (Coordinated Universal Time)","12","No Tax","1"
"af9d8351-89dc-423f-88cb-fc4b8f59f56f","Business Charge: 1x across -JR (Jay Runner - 14350)","purchase","in","61139120","Jay Runner","Personal Account","64952453","Melissa Murmurs","Kintsugi Motorworks","1800","Fri Nov 07 2025 21:14:06 GMT+0000 (Coordinated Universal Time)","12","No Tax","1"
"af9d8351-89dc-423f-88cb-fc4b8f59f56f","Business Charge: 1x across -JR (Jay Runner - 14350)","purchase","in","61139120","Jay Runner","Personal Account","64952453","Kassandra Kage","Kintsugi Motorworks","1800","Fri Nov 07 2025 21:14:06 GMT+0000 (Coordinated Universal Time)","12","No Tax","1"
"af9d8351-89dc-423f-88cb-fc4b8f59f56f","Business Charge: 1x across -JR (Jay Runner - 14350)","purchase","in","61139120","Jay Runner","Personal Account","64952453","Lloyd Grotti","Kintsugi Motorworks","1800","Fri Nov 07 2025 21:14:06 GMT+0000 (Coordinated Universal Time)","12","No Tax","1"
"b145ab91-c41d-4678-9f5e-5f081fb43108","Business Charge: 2 across (Lloyd Grotti - 18725)","purchase","in","61718607","Lloyd Grotti","Personal Account","64952453","Mary Domino-Mushkin","Kintsugi Motorworks","3600","Sat Nov 08 2025 19:18:38 GMT+0000 (Coordinated Universal Time)","12","No Tax","1"
"b145ab91-c41d-4678-9f5e-5f081fb43108","Business Charge: 2 across (Lloyd Grotti - 18725)","purchase","in","61718607","Lloyd Grotti","Personal Account","64952453","Joaquin Jimenes","Kintsugi Motorworks","3600","Sat Nov 08 2025 19:18:38 GMT+0000 (Coordinated Universal Time)","12","No Tax","1"
"b145ab91-c41d-4678-9f5e-5f081fb43108","Business Charge: 2 across (Lloyd Grotti - 18725)","purchase","in","61718607","Lloyd Grotti","Personal Account","64952453","Melissa Murmurs","Kintsugi Motorworks","3600","Sat Nov 08 2025 19:18:38 GMT+0000 (Coordinated Universal Time)","12","No Tax","1"
"b145ab91-c41d-4678-9f5e-5f081fb43108","Business Charge: 2 across (Lloyd Grotti - 18725)","purchase","in","61718607","Lloyd Grotti","Personal Account","64952453","Kassandra Kage","Kintsugi Motorworks","3600","Sat Nov 08 2025 19:18:38 GMT+0000 (Coordinated Universal Time)","12","No Tax","1"
"b145ab91-c41d-4678-9f5e-5f081fb43108","Business Charge: 2 across (Lloyd Grotti - 18725)","purchase","in","61718607","Lloyd Grotti","Personal Account","64952453","Lloyd Grotti","Kintsugi Motorworks","3600","Sat Nov 08 2025 19:18:38 GMT+0000 (Coordinated Universal Time)","12","No Tax","1"
"5810b298-dc8f-4aa0-af61-366239c73463","Business Charge: 2 Repairs 3 across a piece - JR (Jay Runner - 14350)","purchase","in","61139120","Jay Runner","Personal Account","64952453","Mary Domino-Mushkin","Kintsugi Motorworks","10800","Sat Nov 08 2025 20:28:26 GMT+0000 (Coordinated Universal Time)","12","No Tax","1"
"5810b298-dc8f-4aa0-af61-366239c73463","Business Charge: 2 Repairs 3 across a piece - JR (Jay Runner - 14350)","purchase","in","61139120","Jay Runner","Personal Account","64952453","Joaquin Jimenes","Kintsugi Motorworks","10800","Sat Nov 08 2025 20:28:26 GMT+0000 (Coordinated Universal Time)","12","No Tax","1"
"5810b298-dc8f-4aa0-af61-366239c73463","Business Charge: 2 Repairs 3 across a piece - JR (Jay Runner - 14350)","purchase","in","61139120","Jay Runner","Personal Account","64952453","Melissa Murmurs","Kintsugi Motorworks","10800","Sat Nov 08 2025 20:28:26 GMT+0000 (Coordinated Universal Time)","12","No Tax","1"
"5810b298-dc8f-4aa0-af61-366239c73463","Business Charge: 2 Repairs 3 across a piece - JR (Jay Runner - 14350)","purchase","in","61139120","Jay Runner","Personal Account","64952453","Kassandra Kage","Kintsugi Motorworks","10800","Sat Nov 08 2025 20:28:26 GMT+0000 (Coordinated Universal Time)","12","No Tax","1"
"5810b298-dc8f-4aa0-af61-366239c73463","Business Charge: 2 Repairs 3 across a piece - JR (Jay Runner - 14350)","purchase","in","61139120","Jay Runner","Personal Account","64952453","Lloyd Grotti","Kintsugi Motorworks","10800","Sat Nov 08 2025 20:28:26 GMT+0000 (Coordinated Universal Time)","12","No Tax","1"
